Sample_Index,Time_s,Clean_ADC
0,0,-10.0359430037809
1,0.25,1.44670529497769
2,0.5,12.6040528000081
3,0.75,23.1175329096401
4,1,32.6850984744507
5,1.25,41.0290592023796
6,1.5,47.9034901717013
7,1.75,53.1012030040562
8,2,56.4602243435993
9,2.25,57.8696236859716
10,2.5,57.2744152286118
11,2.75,54.6791509222246
12,3,50.1497374277388
13,3.25,43.8129723098212
14,3.5,35.8533479679794
15,3.75,26.5068562845561
16,4,16.0518428554579
17,4.25,4.79734539634494
18,4.5,-6.93029832393253
19,4.75,-18.8015706934837
20,5,-30.4975831753428
21,5.25,-41.7226566094273
22,5.5,-52.2149722622977
23,5.75,-61.754834410819
24,6,-70.1703056051624
25,6.25,-77.3401605002247
26,6.5,-83.1942591631042
27,6.75,-87.7115759098192
28,7,-90.9162373628956
29,7.25,-92.87201625076
30,7.5,-93.6757837526189
31,7.75,-93.4504343979899
32,8,-92.3377634847548
33,8.25,-90.4917061030015
34,8.5,-88.0722522540195
35,8.75,-85.2402469392824
36,9,-82.1531765818156
37,9.25,-78.961939441634
38,9.5,-75.8085027282307
39,9.75,-72.824269691519
40,10,-70.1289251174403
41,10.25,-67.8295060196688
42,10.5,-66.0194599253391
43,10.75,-64.7775021708889
44,11,-64.1661546668748
45,11.25,-64.2299269866563
46,11.5,-64.9931744417954
47,11.75,-66.4577319019827
48,12,-68.6004778703467
49,12.25,-71.3710344658335
50,12.5,-74.6898567636917
51,12.75,-78.4470058876837
52,13,-82.5019270924386
53,13.25,-86.6845587014464
54,13.5,-90.7980734533745
55,13.75,-94.6234958110532
56,14,-97.9263439866728
57,14.25,-100.465312803099
58,14.5,-102.002846331895
59,14.75,-102.317258119081
60,15,-101.215860783688
61,15.25,-98.548390470691
62,15.5,-94.2198785934401
63,15.75,-88.2020486895822
64,16,-80.542303169949
65,16.25,-71.3694069216662
66,16.5,-60.8950646066823
67,16.75,-49.4107274155723
68,17,-37.2791690974952
69,17.25,-24.9206675321166
70,17.5,-12.7940405046756
71,17.75,-1.37331073747037
72,18,8.87863129946306
73,18.25,17.5374353743187
74,18.5,24.2434387585902
75,18.75,28.7241126768294
76,19,30.8106272945503
77,19.25,30.4469684530943
78,19.5,27.6908979089508
79,19.75,22.7069791739198
80,20,15.7527144555223
81,20.25,7.15942442207801
82,20.5,-2.69020179418259
83,20.75,-13.3859336599716
84,21,-24.5134277812334
85,21.25,-35.6757784799522
86,21.5,-46.5120542331563
87,21.75,-56.7120275025864
88,22,-66.0266279580544
89,22.25,-74.2739439830162
90,22.5,-81.3408620589118
91,22.75,-87.1806625791369
92,23,-91.8070754821594
93,23.25,-95.2854334103585
94,23.5,-97.72164408217
95,23.75,-99.2497447645491
96,24,-100.018811360073
97,24.25,-100.179982012154
98,24.5,-99.8743242214788
99,24.75,-99.2222242548003
100,25,-98.314905336838
101,25.25,-97.2085849767648
102,25.5,-95.9216612730024
103,25.75,-94.4351722152881
104,26,-92.6965986941098
105,26.25,-90.626880301204
106,26.5,-88.1302889171764
107,26.75,-85.1065754193082
108,27,-81.4645965278404
109,27.25,-77.1364713277664
110,27.5,-72.0912316939411
111,27.75,-66.3469225996203
112,28,-59.9801643901643
113,28.25,-53.1322865287597
114,28.5,-46.0112602138328
115,28.75,-38.8887879661312
116,29,-32.0920605323626
117,29.25,-25.9898840709121
118,29.5,-20.9731307667565
119,29.75,-17.4297793459292
120,30,-15.7151793176509
121,30.25,-16.1185746675553
122,30.5,-18.8273370189614
123,30.75,-23.8907657832014
124,31,-31.1856967111353
125,31.25,-40.3864992374664
126,31.5,-50.9423024397867
127,31.75,-62.0644168630157
128,32,-72.7268494415151
129,32.25,-81.6824771270962
130,32.5,-87.4968072854832
131,32.75,-88.6003002443558
132,33,-83.3589940567084
133,33.25,-70.1617252141615
134,33.5,-47.5206841111938
135,33.75,-14.1805036949634
136,34,30.7703119167464
137,34.25,87.7929207369912
138,34.5,156.80464485039
139,34.75,237.106655070131
140,35,327.340702803046
141,35.25,425.481825184505
142,35.5,528.872398762892
143,35.75,634.300719645867
144,36,738.124401316311
145,36.25,836.43529681803
146,36.5,925.258480775306
147,36.75,1000.77339951005
148,37,1059.54122416628
149,37.25,1098.7195665463
150,37.5,1116.24493575146
151,37.75,1110.96527756043
152,38,1082.70974939376
153,38.25,1032.28991649713
154,38.5,961.434529889033
155,38.75,872.667370816606
156,39,769.142908232015
157,39.25,654.456921710932
158,39.5,532.448807885133
159,39.75,407.009722643154
160,40,281.907082686855
161,40.25,160.632300400652
162,40.5,46.275674395795
163,40.75,-58.5696303433287
164,41,-151.873750180379
165,41.25,-232.206413860111
166,41.5,-298.744035292705
167,41.75,-351.249192419305
168,42,-390.025199356292
169,42.25,-415.849658840066
170,42.5,-429.891894174454
171,42.75,-433.619819168864
172,43,-428.702021851876
173,43.25,-416.910622888305
174,43.5,-400.029898382105
175,43.75,-379.774828893323
176,44,-357.72274603033
177,44.25,-335.260172994634
178,44.5,-313.54586266752
179,44.75,-293.489989909212
180,45,-275.748517710595
181,45.25,-260.730989758134
182,45.5,-248.619451475644
183,45.75,-239.395890916096
184,46,-232.875513814192
185,46.25,-228.743289051269
186,46.5,-226.591466933693
187,46.75,-225.956121026906
188,47,-226.351138838474
189,47.25,-227.298447218029
190,47.5,-228.353584893775
191,47.75,-229.126025899857
192,48,-229.29392528769
193,48.25,-228.613217402587
194,48.5,-226.92125586562
195,48.75,-224.13543918395
196,49,-220.247499121217
197,49.25,-215.314315295881
198,49.5,-209.446235447312
199,49.75,-202.793913878555
200,50,-195.534633651284
201,50.25,-187.858967593054
202,50.5,-179.958482341827
203,50.75,-172.015021022417
204,51,-164.191930627266
205,51.25,-156.627440167841
206,51.5,-149.430251078996
207,51.75,-142.67727626069
208,52,-136.413362323851
209,52.25,-130.652754385089
210,52.5,-125.382015387341
211,52.75,-120.564089992142
212,53,-116.143200343797
213,53.25,-112.050269170041
214,53.5,-108.208577273133
215,53.75,-104.53937318676
216,54,-100.967162730429
217,54.25,-97.4244197516007
218,54.5,-93.8554835750766
219,54.75,-90.2194504209615
220,55,-86.491928490082
221,55.25,-82.6656066936723
222,55.5,-78.7496761584349
223,55.75,-74.7682288940419
224,56,-70.7578263306208
225,56.25,-66.7644718446714
226,56.5,-62.8402311785492
227,56.75,-59.0397243552862
228,57,-55.4166700322564
229,57.25,-52.0206108424849
230,57.5,-48.8939006534353
231,57.75,-46.0690039599618
232,58,-43.5661496083463
233,58.25,-41.391393455683
234,58.5,-39.535168449688
235,58.75,-37.9714239248958
236,59,-36.6574675378844
237,59.25,-35.5346158505271
238,59.5,-34.5297304764429
239,59.75,-33.5576674506068
240,60,-32.5246026373176
241,60.25,-31.3321223441998
242,60.5,-29.8818944014426
243,60.75,-28.0806705750887
244,61,-25.8453263314073
245,61.25,-23.1076273117884
246,61.5,-19.8184285846807
247,61.75,-15.9510622648321
248,62,-11.5037436880931
249,62.25,-6.50091146285157
250,62.5,-0.993494007707088
251,62.75,4.94185242170602
252,63,11.2044715588382
253,63.25,17.6723534490883
254,63.5,24.2056857865957
255,63.75,30.6513256098724
256,64,36.8482047968404
257,64.25,42.6336314527376
258,64.5,47.8503448508662
259,64.75,52.354039525628
260,65,56.0209266042338
261,65.25,58.7547872372517
262,65.5,60.492928109969
263,65.75,61.2104888791316
264,66,60.9226697718576
265,66.25,59.6846205595642
266,66.5,57.5889296769662
267,66.75,54.7608492340099
268,67,51.3515713993114
269,67.25,47.5300225190494
270,67.5,43.473752355067
271,67.75,39.3595563671915
272,68,35.3544728857291
273,68.25,31.6077466048734
274,68.5,28.2442556230486
275,68.75,25.3597753044704
276,69,23.0183098533529
277,69.25,21.2515672589841
278,69.5,20.0604881851659
279,69.75,19.4185724726045
280,70,19.2765969766707
281,70.25,19.5682123897856
282,70.5,20.2158683346784
283,70.75,21.1365535557742
284,71,22.2469389833195
285,71.25,23.4676481853235
286,71.5,24.7265213755246
287,71.75,25.9608622629193
288,72,27.1187500503885
289,72.25,28.1595600338214
290,72.5,29.0538683054942
291,72.75,29.782922395595
292,73,30.3378436326257
293,73.25,30.7186935266641
294,73.5,30.9334932472067
295,73.75,30.9972413919854
296,74,30.9309383841477
297,74.25,30.7605999139121
298,74.5,30.5162269705779
299,74.75,30.2306943925878
300,75,29.9385221325864
301,75.25,29.6745040026997
302,75.5,29.4721893977029
303,75.75,29.3622458561689
304,76,29.3707727943299
305,76.25,29.5176828659105
306,76.5,29.8153058204952
307,76.75,30.2673869969544
308,77,30.8686378207738
309,77.25,31.6049452720455
310,77.5,32.454267484531
311,77.75,33.3881486540465
312,78,34.3736984691864
313,78.25,35.3758187216058
314,78.5,36.3594356879731
315,78.75,37.2915145348241
316,79,38.1426842874366
317,79.25,38.8883742079314
318,79.5,39.5094376842226
319,79.75,39.9923035781968
320,80,40.328738766029
321,80.25,40.5153266370926
322,80.5,40.5527665441975
323,80.75,40.4450837938276
324,81,40.1988161395003
325,81.25,39.8222193629277
326,81.5,39.324518989027
327,81.75,38.7152316727757
328,82,38.0035869961429
329,82.25,37.1980911686612
330,82.5,36.3062778820558
331,82.75,35.3346791732302
332,83,34.2890179625545
333,83.25,33.1745804498055
334,83.5,31.9966846958965
335,83.75,30.7611373480339
336,84,29.474574646387
337,84.25,28.1446180701924
338,84.5,26.7798301828183
339,84.75,25.3895157158889
340,85,23.9834578552215
341,85.25,22.5716954076195
342,85.5,21.1644276456968
343,85.75,19.772085867909
344,86,18.4055487218645
345,86.25,17.076420541359
346,86.5,15.7972547037371
347,86.75,14.5815971776774
348,87,13.443750267521
349,87.25,12.3982062002805
350,87.5,11.4587623211884
351,87.75,10.6373904841293
352,88,9.94298129317731
353,88.25,9.38011211764156
354,88.5,8.94799357985741
355,88.75,8.63973303890999
356,89,8.44201837772962
357,89.25,8.33527644336536
358,89.5,8.29430563432046
359,89.75,8.2893309426587
360,90,8.28739134120084
361,90.25,8.25394963283844
362,90.5,8.15461450129803
363,90.75,7.95687907992115
364,91,7.63180193674751
365,91.25,7.15557603916725
366,91.5,6.51094158974187
367,91.75,5.68839570153922
368,92,4.68713678373959
369,92.25,3.51566093638911
370,92.5,2.19191279229013
371,92.75,0.74289616554271
372,93,-0.796321685494752
373,93.25,-2.38422519002654
374,93.5,-3.97502986593706
375,93.75,-5.52130257786283
376,94,-6.976844376589
377,94.25,-8.29962370240222
378,94.5,-9.4545353504896
379,94.75,-10.4157667219229
380,95,-11.1685751872542
381,95.25,-11.7103195385862
382,95.5,-12.0506467412479
383,95.75,-12.2108121877987
384,96,-12.2222003666339
385,96.25,-12.1241983413009
386,96.5,-11.9616372958791
387,96.75,-11.7820412551104
388,97,-11.6329017771413
389,97.25,-11.559143226931
390,97.5,-11.6008777993665
391,97.75,-11.7914980116655
392,98,-12.1561332025789
393,98.25,-12.710505677343
394,98.5,-13.4602460648323
395,98.75,-14.4007436696755
396,99,-15.5175979582073
397,99.25,-16.7876963394765
398,99.5,-18.1808791132126
399,99.75,-19.6620803425091
400,100,-21.19376853683
401,100.25,-22.7384636422435
402,100.5,-24.2610829916801
403,100.75,-25.7308733598461
404,101,-27.1227236720461
405,101.25,-28.4177249981699
406,101.5,-29.6029457545966
407,101.75,-30.6705053527541
408,102,-31.6161361300806
409,102.25,-32.4374975348661
410,102.5,-33.1325314710197
411,102.75,-33.6981192837258
412,103,-34.1292280812776
413,103.25,-34.4186348236016
414,103.5,-34.5572112430898
415,103.75,-34.5346590681515
416,104,-34.3405167341158
417,104.25,-33.9652253476807
418,104.5,-33.4010486197257
419,104.75,-32.6426882765985
420,105,-31.6875140474113
421,105.25,-30.5354180553096
422,105.5,-29.1883852570689
423,105.75,-27.6499251841259
424,106,-25.9245257126569
425,106.25,-24.0172689857625
426,106.5,-21.9337044059435
427,106.75,-19.6800186180813
428,107,-17.2634895342542
429,107.25,-14.693166625241
430,107.5,-11.9806839648034
431,107.75,-9.14108599455559
432,108,-6.19353158443644
433,108.25,-3.16174599038358
434,108.5,-0.0741191088033247
435,108.75,3.03659731700199
436,109,6.13397085254329
437,109.25,9.17885927945017
438,109.5,12.1305438653941
439,109.75,14.9479005423462
440,110,17.5905258210999
441,110.25,20.0197925411072
442,110.5,22.1998573103792
443,110.75,24.0986562656837
444,111,25.6889058537898
445,111.25,26.9490846012713
446,111.5,27.864331338728
447,111.75,28.4271722981647
448,112,28.6379908302317
449,112.25,28.5051756534019
450,112.5,28.0449169427325
451,112.75,27.2806540774642
452,113,26.2422077699908
453,113.25,24.9646503490117
454,113.5,23.4869821825215
455,113.75,21.8506916794745
456,114,20.0982822712902
457,114.25,18.2718518610327
458,114.5,16.4118065784099
459,114.75,14.5557788766864
460,115,12.7377985675961
461,115.25,10.9877354831299
462,115.5,9.33099899026264
463,115.75,7.78845055469007
464,116,6.37646924883828
465,116.25,5.10711129274131
466,116.5,3.98832178909802
467,116.75,3.02418180486676
468,117,2.2151958828097
469,117.25,1.55863500483315
470,117.5,1.04894516201217
471,117.75,0.678216201851963
472,118,0.436688087027873
473,118.25,0.313260598687901
474,118.5,0.295972415422169
475,118.75,0.372425505017572
476,119,0.530145588378545
477,119.25,0.756882182023477
478,119.5,1.04085712631654
479,119.75,1.37096719477216
480,120,1.73693726186764
481,120.25,2.12941107752453
482,120.5,2.53996223333433
483,120.75,2.9610111141401
484,121,3.38564395725809
485,121.25,3.80734479738093
486,121.5,4.21966665463735
487,121.75,4.61588185520523
488,122,4.98866043727328
489,122.25,5.32982808739993
490,122.5,5.6302493052202
491,122.75,5.87986691024714
492,123,6.06790691099473
493,123.25,6.18323204390056
494,123.5,6.21480431215139
495,123.75,6.15220398318664
496,124,5.98615510321895
497,124.25,5.70902543106621
498,124.5,5.31529412657198
499,124.75,4.80200056360548
500,125,4.16918998809308
501,125.25,3.42035180366236
502,125.5,2.56281066549617
503,125.75,1.60799463359226
504,126,0.571485143205394
505,126.25,-0.527239027858504
506,126.5,-1.66541704682847
507,126.75,-2.81798102297127
508,127,-3.95883370193282
509,127.25,-5.06232281340458
510,127.5,-6.1047745901529
511,127.75,-7.0659392176362
512,128,-7.93021253643473
513,128.25,-8.68752759259768
514,128.5,-9.33385068056676
515,128.75,-9.87126182647723
516,129,-10.3076411492067
517,129.25,-10.6560132458666
518,129.5,-10.9336177410555
519,129.75,-11.1607758758991
520,130,-11.3596152293287
521,130.25,-11.5527044775277
522,130.5,-11.7616441260508
523,130.75,-12.0056610451294
524,131,-12.3002640806922
525,131.25,-12.6560312765861
526,131.5,-13.0776107861151
527,131.75,-13.5630219362169
528,132,-14.1033365176311
529,132.25,-14.6828024661282
530,132.5,-15.2794447639328
531,132.75,-15.8661452171691
532,133,-16.4121667402876
533,133.25,-16.8850498786025
534,133.5,-17.2527694063867
535,133.75,-17.4859990102993
536,134,-17.5602996316827
537,134.25,-17.45803385682
538,134.5,-17.169825457901
539,134.75,-16.6954318081348
540,135,-16.0439673571263
541,135.25,-15.2334900959313
542,135.5,-14.2900213105633
543,135.75,-13.2461012227708
544,136,-12.1389902413806
545,136.25,-11.0086181895484
546,136.5,-9.89537674610203
547,136.75,-8.83785495896689
548,137,-7.87063657368477
549,137.25,-7.02230269424149
550,137.5,-6.31379791508498
551,137.75,-5.75730629410375
552,138,-5.355737540807
553,138.25,-5.10284962043844
554,138.5,-4.9839506827205
555,138.75,-4.97705549106481
556,139,-5.05433909253949
557,139.25,-5.18373956887353
558,139.5,-5.33060268043036
559,139.75,-5.45931327252107
560,140,-5.53489904002311
561,140.25,-5.52460718979533
562,140.5,-5.3994424495369
563,140.75,-5.13562642107349
564,141,-4.71590946619866
565,141.25,-4.13065034787958
566,141.5,-3.37858073048176
567,141.75,-2.46718783077268
568,142,-1.41267104758902
569,142.25,-0.239450584114857
570,142.5,1.02077370894138
571,142.75,2.33039349518262
572,143,3.64764599544138
573,143.25,4.92866973015868
574,143.5,6.12974516129696
575,143.75,7.20957595875992
576,144,8.13145696630857
577,144.25,8.86518787717231
578,144.5,9.38862449107397
579,144.75,9.68880314158872
580,145,9.76261668371361
581,145.25,9.61705236277299
582,145.5,9.26901818566885
583,145.75,8.74478645225957
584,146,8.07907670438082
585,146.25,7.31379259086585
586,146.5,6.49642346449138
587,146.75,5.6781246004749
588,147,4.9115003866803
589,147.25,4.24813247764092
590,147.5,3.7359190353854
591,147.75,3.41631998076609
592,148,3.32163315389089
593,148.25,3.47245278123811
594,148.5,3.87548021762765
595,148.75,4.52186431840624
596,149,5.38624284233094
597,149.25,6.42663526891995
598,149.5,7.58530001099792
599,149.75,8.79061529288965
600,150,9.95997571178633
601,150.25,11.0036214998691
602,150.5,11.8292424682725
603,150.75,12.3471311854069
604,151,12.4756060671252
605,151.25,12.14638854066
606,151.5,11.3096015590148
607,151.75,9.93806097859221
608,152,8.03055745363768
609,152.25,5.61387387033582
610,152.5,2.74334882357174
611,152.75,-0.498125627554422
612,153,-4.0027012255531
613,153.25,-7.64171459814285
614,153.5,-11.2712451995535
615,153.75,-14.738889052411
616,154,-17.8914669485788
617,154.25,-20.5832920226451
618,154.5,-22.6845160778134
619,154.75,-24.0889745342733
620,155,-24.7208904440498
621,155.25,-24.5398180576858
622,155.5,-23.5433312270894
623,155.75,-21.7671849769795
624,156,-19.2829579411677
625,156.25,-16.1934568099978
626,156.5,-12.6263745937396
627,156.75,-8.7268115793618
628,157,-4.64929170257843
629,157.25,-0.549859458012821
630,157.5,3.42124856582126
631,157.75,7.12597498502513
632,158,10.4435910435175
633,158.25,13.2744758557878
634,158.5,15.5424869686627
635,158.75,17.1959817553984
636,159,18.2076298708263
637,159.25,18.573215676299
638,159.5,18.3096633706592
639,159.75,17.452526190524
640,160,16.0531665911039
641,160.25,14.175821037758
642,160.5,11.8946967571014
643,160.75,9.29119536455102
644,161,6.45130721329451
645,161.25,3.46317843060315
646,161.5,0.414827148761392
647,161.75,-2.60801892407335
648,162,-5.52397498936299
649,162.25,-8.25792230867658
650,162.5,-10.7427488882711
651,162.75,-12.9208303633392
652,163,-14.7451683520927
653,163.25,-16.1801203128983
654,163.5,-17.2016910003747
655,163.75,-17.7974032614398
656,164,-17.9658144346835
657,164.25,-17.7157824264959
658,164.5,-17.065602771071
659,164.75,-16.0421291917873
660,165,-14.6799557054108
661,165.25,-13.0206835130147
662,165.5,-11.1122295810776
663,165.75,-9.00806780161448
664,166,-6.76624389467371
665,166.25,-4.44799094453931
666,166.5,-2.11580975233526
667,166.75,0.169030218096928
668,167,2.34948527781431
669,167.25,4.3760125535727
670,167.5,6.20981365834698
671,167.75,7.82569363952705
672,168,9.21419837795482
673,168.25,10.3827555060521
674,168.5,11.3556345081623
675,168.75,12.1726466911919
676,169,12.8866132025931
677,169.25,13.5597275149013
678,169.5,14.2590179782654
679,169.75,15.0511732722097
680,170,15.9970351761352
681,170.25,17.1460992782524
682,170.5,18.5313991112446
683,170.75,20.1651739161201
684,171,22.0357161029
685,171.25,24.1057442104867
686,171.5,26.3125466552952
687,171.75,28.5700040346627
688,172,30.7724475500451
689,172.25,32.8001713761026
690,172.5,34.5262997008226
691,172.75,35.8246150122279
692,173,36.5778788074944
693,173.25,36.6861195453853
694,173.5,36.0743338062551
695,173.75,34.6990577982453
696,174,32.5533255983118
697,174.25,29.6696343855214
698,174.5,26.1206696628747
699,174.75,22.0176830695284
700,175,17.5065431014948
701,175.25,12.7615873123175
702,175.5,7.97749942586422
703,175.75,3.35953183066602
704,176,-0.887490865897619
705,176.25,-4.57081230470377
706,176.5,-7.52130303122991
707,176.75,-9.60408162134102
708,177,-10.7272806296864
709,177.25,-10.8480924985397
710,177.5,-9.9754252682225
711,177.75,-8.16882542464776
712,178,-5.53373520063617
713,178.25,-2.21356524460663
714,178.5,1.62060041225429
715,178.75,5.78164794587638
716,179,10.0783548643623
717,179.25,14.3265964829249
718,179.5,18.3590159162117
719,179.75,22.0325571473761
720,180,25.233502094477
721,180.25,27.8798931704593
722,180.5,29.9214475602645
723,180.75,31.3372646901366
724,181,32.1317811936141
725,181.25,32.329527905885
726,181.5,31.9692860687774
727,181.75,31.098226236853
728,182,29.766550183806
729,182.25,28.0230543167426
730,182.5,25.9119056017787
731,182.75,23.4707804217845
732,183,20.7303740782946
733,183.25,17.7151537630267
734,183.5,14.445112285536
735,183.75,10.9381984300125
736,184,7.21306770790475
737,184.25,3.29182209724145
738,184.5,-0.797519295536891
739,184.75,-5.01898093843514
740,185,-9.32710156503583
741,185.25,-13.6659487714898
742,185.5,-17.9687119086003
743,185.75,-22.1579377928405
744,186,-26.1465069147765
745,186.25,-29.8394602745918
746,186.5,-33.136766258904
747,186.75,-35.93706142761
748,187,-38.1423124656483
749,187.25,-39.6632342157096
750,187.5,-40.4251689875384
751,187.75,-40.3740017875093
752,188,-39.4815829872392
753,188.25,-37.7500902152125
754,188.5,-35.2148153011459
755,188.75,-31.9450172002921
756,189,-28.0427108214725
757,189.25,-23.6395077495602
758,189.5,-18.891823303351
759,189.75,-13.9748706703552
760,190,-9.07587058855074
761,190.25,-4.38684397893622
762,190.5,-0.0972724768027577
763,190.75,3.6131501443316
764,191,6.58147394480821
765,191.25,8.66794088542355
766,191.5,9.76168622746994
767,191.75,9.78545159548835
768,192,8.69910609074222
769,192.25,6.50185051703578
770,192.5,3.23307719153635
771,192.75,-1.02805899373792
772,193,-6.16426105058253
773,193.25,-12.0228130612969
774,193.5,-18.4193612837291
775,193.75,-25.1427598301014
776,194,-31.9610169207774
777,194.25,-38.628365613552
778,194.5,-44.8934230776562
779,194.75,-50.5082990705743
780,195,-55.238377838467
781,195.25,-58.8723440125601
782,195.5,-61.231875397025
783,195.75,-62.1803162237562
784,196,-61.6296117658155
785,196.25,-59.5448624502684
786,196.5,-55.946055441411
787,196.75,-50.9068333115372
788,197,-44.5505073992528
789,197.25,-37.0438413261481
790,197.5,-28.5893444246904
791,197.75,-19.4168785408567
792,198,-9.77528787664821
793,198.25,0.0754567457165437
794,198.5,9.87138930918514
795,198.75,19.3510191288105
796,199,28.261405536036
797,199.25,36.3641887167393
798,199.5,43.4418833794874
799,199.75,49.3045724245225
800,200,53.7968767709486
801,200.25,56.8047809349409
802,200.5,58.2616360001413
803,200.75,58.1525209736643
804,201,56.5161801939564
805,201.25,53.4439840260057
806,201.5,49.0757387238949
807,201.75,43.5926040446779
808,202,37.2077507362853
809,202.25,30.1556169049596
810,202.5,22.6806726251767
811,202.75,15.0265065043039
812,203,7.4258719862185
813,203.25,0.0921405233850796
814,203.5,-6.78755655550254
815,203.75,-13.0573464433639
816,204,-18.5957496642538
817,204.25,-23.3169855181436
818,204.5,-27.1705972105224
819,204.75,-30.1396312866743
820,205,-32.2376693168883
821,205.25,-33.5050393248784
822,205.5,-34.0045268950859
823,205.75,-33.8168679684718
824,206,-33.0362507018069
825,206.25,-31.7659973221152
826,206.5,-30.1145495371689
827,206.75,-28.1918468157058
828,207,-26.1061631018964
829,207.25,-23.9614474807172
830,207.5,-21.8551906985396
831,207.75,-19.8768080945186
832,208,-18.1064914324719
833,208.25,-16.6144433191067
834,208.5,-15.4603769290071
835,208.75,-14.6931485857398
836,209,-14.3503961491991
837,209.25,-14.4580825914972
838,209.5,-15.0298878390174
839,209.75,-16.0664457323477
840,210,-17.5544775342434
841,210.25,-19.4659193254349
842,210.5,-21.7571704946975
843,210.75,-24.368601142469
844,211,-27.2244494733449
845,211.25,-30.2332223635649
846,211.5,-33.2886913092099
847,211.75,-36.2715584048833
848,212,-39.0518547846905
849,212.25,-41.4921229220064
850,212.5,-43.4514150756999
851,212.75,-44.7901020011494
852,213,-45.3754208801406
853,213.25,-45.0875989603671
854,213.5,-43.8262796037847
855,213.75,-41.5168699946355
856,214,-38.1163498616118
857,214.25,-33.6180520796357
858,214.5,-28.0549638725584
859,214.75,-21.5012020201432
860,215,-14.0714716945094
861,215.25,-5.91849871259096
862,215.5,2.77140395990217
863,215.75,11.7843432446942
864,216,20.8860637633914
865,216.25,29.8300109475702
866,216.5,38.3659299425207
867,216.75,46.2487806231426
868,217,53.2478353522954
869,217.25,59.1558660028993
870,217.5,63.7982839661835
871,217.75,67.0419583015104
872,218,68.8032280007749
873,218.25,69.054411325361
874,218.5,67.8279899663308
875,218.75,65.2176892324099
876,219,61.375918108937
877,219.25,56.5074338693478
878,219.5,50.8595545842485
879,219.75,44.7096406833335
880,220,38.3508147701595
881,220.25,32.0769580915329
882,220.5,26.1679430055312
883,220.75,20.8758989599115
884,221,16.4131325466389
885,221.25,12.9421753246391
886,221.5,10.5683301130376
887,221.75,9.33501513872442
888,222,9.22214044098487
889,222.25,10.1476671672168
890,222.5,11.9723821292341
891,222.75,14.5077646742332
892,223,17.5266402631102
893,223.25,20.776123225294
894,223.5,23.9921712892534
895,223.75,26.9149265967331
896,224,29.3039180524766
897,224.25,30.9521603171962
898,224.5,31.6982151421728
899,224.75,31.4353876713889
900,225,30.1174144035592
901,225.25,27.76025132435
902,225.5,24.4398689183242
903,225.75,20.2862738443431
904,226,15.4742686882592
905,226.25,10.2116974347087
906,226.5,4.72608067533213
907,226.75,-0.749388814586608
908,227,-5.98953723208237
909,227.25,-10.7897205160961
910,227.5,-14.9764222434926
911,227.75,-18.415374958183
912,228,-21.0168364102266
913,228.25,-22.7378686702286
914,228.5,-23.581695784717
915,228.75,-23.5944341551815
916,229,-22.8596707910801
917,229.25,-21.491481218836
918,229.5,-19.6265167706577
919,229.75,-17.4157535558993
920,230,-15.0164008146917
921,230.25,-12.5843398420997
922,230.5,-10.2673310935879
923,230.75,-8.19910653772439
924,231,-6.49437075437406
925,231.25,-5.24467534602338
926,231.5,-4.51510857410162
927,231.75,-4.34175202724171
928,232,-4.72989053413386
929,232.25,-5.6530092633475
930,232.5,-7.05266000178631
931,232.75,-8.83931405812643
932,233,-10.894331815736
933,233.25,-13.0731633088386
934,233.5,-15.2098506853318
935,233.75,-17.1228369691591
936,234,-18.6220033289248
937,234.25,-19.5167666006659
938,234.5,-19.624977238139
939,234.75,-18.7822723770593
940,235,-16.8514671955028
941,235.25,-13.7315186044762
942,235.5,-9.36557580517403
943,235.75,-3.74764608653226
944,236,3.07255085211519
945,236.25,10.9868996280583
946,236.5,19.8286604201166
947,236.75,29.3749057755028
948,237,39.3517708529117
949,237.25,49.4426044221469
950,237.5,59.2990302939054
951,237.75,68.5548063473639
952,238,76.8421754843449
953,238.25,83.8101296812972
954,238.5,89.1436723307967
955,238.75,92.5828161015182
956,239,93.9397732282623
957,239.25,93.1126743657059
958,239.5,90.0942689605655
959,239.75,84.974449363159
960,240,77.9360712095139
961,240.25,69.2443111824971
962,240.5,59.230557490079
963,240.75,48.2724117707992
964,241,36.7716858963236
965,241.25,25.132278187711
966,241.5,13.7395670134138
967,241.75,2.94256983341838
968,242,-6.96030984180902
969,242.25,-15.7315096022611
970,242.5,-23.2003812439239
971,242.75,-29.2652187011716
972,243,-33.8915333145925
973,243.25,-37.1070188078309
974,243.5,-38.9937742607552
975,243.75,-39.6784538775579
976,244,-39.321079162678
977,244.25,-38.1032733472198
978,244.5,-36.2166548206887
979,244.75,-33.852057181287
980,245,-31.1901349705556
981,245.25,-28.3937764613152
982,245.5,-25.6025900604001
983,245.75,-22.929571428748
984,246,-20.4599062533588
985,246.25,-18.251729270587
986,246.5,-16.3385517073903
987,246.75,-14.7329913895298
988,247,-13.4313931880595
989,247.25,-12.4189098118642
990,247.5,-11.6746196619448
991,247.75,-11.1762843068654
992,248,-10.9043888131385
993,248.25,-10.8451618628235
994,248.5,-10.9923407518135
995,248.75,-11.3475327741202
996,249,-11.9191327014127
997,249.25,-12.7198859291746
998,249.5,-13.763331536995
999,249.75,-15.0595039139051
1000,250,-16.6103932888576
1001,250.25,-18.4057386050142
1002,250.5,-20.4197280981232
1003,250.75,-22.6091022267493
1004,251,-24.912995821065
1005,251.25,-27.2546449393535
1006,251.5,-29.5448550794638
1007,251.75,-31.6869202299277
1008,252,-33.5825285152356
1009,252.25,-35.1381068443412
1010,252.5,-36.2710441415852
1011,252.75,-36.915277388727
1012,253,-37.0258079518292
1013,253.25,-36.5818201531246
1014,253.5,-35.5881880382691
1015,253.75,-34.0752734441971
1016,254,-32.0970351288062
1017,254.25,-29.7275815188461
1018,254.5,-27.0564049143792
1019,254.75,-24.1826291408499
1020,255,-21.2086815324466
1021,255.25,-18.233857195936
1022,255.5,-15.3482682442174
1023,255.75,-12.627650383341
1024,256,-10.1294248407418
1025,256.25,-7.89028719869851
1026,256.5,-5.92543330580041
1027,256.75,-4.22936485578492
1028,257,-2.77807451356326
1029,257.25,-1.53231547301042
1030,257.5,-0.441621239383388
1031,257.75,0.551248550692648
1032,258,1.50571862942514
1033,258.25,2.47889475248106
1034,258.5,3.52133134499426
1035,258.75,4.67322775247164
1036,259,5.96120140559472
1037,259.25,7.39578638726226
1038,259.5,8.96980309873095
1039,259.75,10.6577280736391
1040,260,12.4161573731145
1041,260.25,14.1854043613997
1042,260.5,15.8922102472669
1043,260.75,17.4534822557318
1044,261,18.7809154607763
1045,261.25,19.7863001943985
1046,261.5,20.3872620710003
1047,261.75,20.5131191559582
1048,262,20.1104693568596
1049,262.25,19.148051746342
1050,262.5,17.6203838652752
1051,262.75,15.5496975833065
1052,263,12.9858080950899
1053,263.25,10.0037607500293
1054,263.5,6.69938101704843
1055,263.75,3.18314502948465
1056,264,-0.426979188274351
1057,264.25,-4.01295283565511
1058,264.5,-7.46360299459528
1059,264.75,-10.6804675216291
1060,265,-13.5821545821186
1061,265.25,-16.1070575555138
1062,265.5,-18.2144750916206
1063,265.75,-19.8843404861367
1064,266,-21.1158526269046
1065,266.25,-21.9253255995941
1066,266.5,-22.3435490637859
1067,266.75,-22.4128962484745
1068,267,-22.1843522030185
1069,267.25,-21.7145803300539
1070,267.5,-21.0631116196661
1071,267.75,-20.2897297908028
1072,268,-19.4521283166608
1073,268.25,-18.6039178135216
1074,268.5,-17.7930510907112
1075,268.75,-17.0607023383472
1076,269,-16.4405912200125
1077,269.25,-15.9586953661199
1078,269.5,-15.6332612165461
1079,269.75,-15.4750130960079
1080,270,-15.4874738700678
1081,270.25,-15.6673389938793
1082,270.5,-16.0048772745536
1083,270.75,-16.4843566233962
1084,271,-17.0845075722494
1085,271.25,-17.7790429965007
1086,271.5,-18.5372538325174
1087,271.75,-19.3247017205091
1088,272,-20.1040318430077
1089,272.25,-20.8359307785143
1090,272.5,-21.4802507030267
1091,272.75,-21.9973086869522
1092,273,-22.3493469041521
1093,273.25,-22.5021091789141
1094,273.5,-22.4264576108467
1095,273.75,-22.0999270529981
1096,274,-21.5081004106083
1097,274.25,-20.6456867239724
1098,274.5,-19.5171967938106
1099,274.75,-18.1371358777537
1100,275,-16.5296668477857
1101,275.25,-14.7277363917656
1102,275.5,-12.7716964643429
1103,275.75,-10.7074873302803
1104,276,-8.58447175107782
1105,276.25,-6.45301979607864
1106,276.5,-4.361943230732
1107,276.75,-2.35587500388651
1108,277,-0.4726920592616
1109,277.25,1.25890536123268
1110,277.5,2.82151771425816
1111,277.75,4.21070148847889
1112,278,5.43596069064861
1113,278.25,6.52088023359832
1114,278.5,7.50224471092929
1115,278.75,8.42806427170816
1116,279,9.35453889077284
1117,279.25,10.3421126264991
1118,279.5,11.4508755103207
1119,279.75,12.7356429797408
1120,280,14.2410740222246
1121,280.25,15.9971849845707
1122,280.5,18.0155891291217
1123,280.75,20.286754742223
1124,281,22.7785326523954
1125,281.25,25.4361549189996
1126,281.5,28.183842215109
1127,281.75,30.9280698371918
1128,282,33.5624282556569
1129,282.25,35.9738790002376
1130,282.5,38.050064289094
1131,282.75,39.6871986857094
1132,283,40.797973688172
1133,283.25,41.318857704109
1134,283.5,41.216182074419
1135,283.75,40.4904666961194
1136,284,39.1785472245101
1137,284.25,37.3532087423374
1138,284.5,35.1201996188377
1139,284.75,32.6126881956168
1140,285,29.9834263899588
1141,285.25,27.3950839626479
1142,285.5,25.0093931381872
1143,285.75,22.9758712137063
1144,286,21.4209502099883
1145,286.25,20.4383306566205
1146,286.5,20.0812969756828
1147,286.75,20.357599062961
1148,287,21.2273354935646
1149,287.25,22.6040819955379
1150,287.5,24.3593023050499
1151,287.75,26.3298613264792
1152,288,28.3282385521776
1153,288.25,30.1548258760773
1154,288.5,31.6115090556337
1155,288.75,32.5156000123582
1156,289,32.7131271540963
1157,289.25,32.0905115309901
1158,289.5,30.5837550229436
1159,289.75,28.1844331649422
1160,290,24.942009039443
1161,290.25,20.9622556995015
1162,290.5,16.4018769586546
1163,290.75,11.4597205217697
1164,291,6.36524046377741
1165,291.25,1.36504558692014
1166,291.5,-3.29155602965614
1167,291.75,-7.36712867814641
1168,292,-10.6499932399617
1169,292.25,-12.9667227119909
1170,292.5,-14.1926373555881
1171,292.75,-14.2597560607327
1172,293,-13.1617215257202
1173,293.25,-10.955298684902
1174,293.5,-7.75817828046419
1175,293.75,-3.74301959632205
1176,294,0.872063405535517
1177,294.25,5.83605658774293
1178,294.5,10.8798198880085
1179,294.75,15.7320203051131
1180,295,20.1350374280498
1181,295.25,23.8596703808551
1182,295.5,26.717622166959
1183,295.75,28.5709792083469
1184,296,29.3381898740273
1185,296.25,28.996331774
1186,296.5,27.5797181890226
1187,296.75,25.1751226264276
1188,297,21.9140994412929
1189,297.25,17.9630472080591
1190,297.5,13.511790560124
1191,297.75,8.7615296265736
1192,298,3.91301081443809
1193,298.25,-0.844292947806774
1194,298.5,-5.34132858551892
1195,298.75,-9.43643768522976
1196,299,-13.01985661625
1197,299.25,-16.0156583355663
1198,299.5,-18.3812897910298
1199,299.75,-20.1050937818313
1200,300,-21.2023963168616
1201,300.25,-21.7108398939285
1202,300.5,-21.6856117213459
1203,300.75,-21.1950511890928
1204,301,-20.3168668981159
1205,301.25,-19.1349302617164
1206,301.5,-17.7364255700673
1207,301.75,-16.2090804261758
1208,302,-14.638277868478
1209,302.25,-13.1040149708617
1210,302.5,-11.677850379828
1211,302.75,-10.420110432093
1212,303,-9.37766516670804
1213,303.25,-8.58254165503287
1214,303.5,-8.05153803654028
1215,303.75,-7.78687231710131
1216,304,-7.77777577669747
1217,304.25,-8.00284104231225
1218,304.5,-8.43286818522277
1219,304.75,-9.03392078726285
1220,305,-9.77030706858174
1221,305.25,-10.6072360770729
1222,305.5,-11.5129593838575
1223,305.75,-12.4602839617542
1224,306,-13.4274180036856
1225,306.25,-14.3981753075825
1226,306.5,-15.3616081708684
1227,306.75,-16.3111644677045
1228,307,-17.2434794748358
1229,307.25,-18.1569265420389
1230,307.5,-19.0500681861126
1231,307.75,-19.9201682018186
1232,308,-20.7619363562894
1233,308.25,-21.566667948996
1234,308.5,-22.321902491783
1235,308.75,-23.0116595556277
1236,309,-23.6172267395131
1237,309.25,-24.1183937202455
1238,309.5,-24.494967321309
1239,309.75,-24.7283786665813
1240,310,-24.8032063058941
1241,310.25,-24.708478756046
1242,310.5,-24.4386697467371
1243,310.75,-23.9943440011711
1244,311,-23.382441954984
1245,311.25,-22.616208679627
1246,311.5,-21.7147817989774
1247,311.75,-20.7024623472319
1248,312,-19.6077044268215
1249,312.25,-18.4618728455197
1250,312.5,-17.2978297688746
1251,312.75,-16.14842066572
1252,313,-15.0449374832815
1253,313.25,-14.0156438040772
1254,313.5,-13.0844505991597
1255,313.75,-12.2698274387663
1256,314,-11.5840186693467
1257,314.25,-11.0326072221434
1258,314.5,-10.6144352928976
1259,314.75,-10.3218584132657
1260,315,-10.1412836369888
1261,315.25,-10.0539269122656
1262,315.5,-10.0367198502706
1263,315.75,-10.0633014967165
1264,316,-10.1050452439762
1265,316.25,-10.1320922335779
1266,316.5,-10.1143857565959
1267,316.75,-10.022719525572
1268,317,-9.82981953921478
1269,317.25,-9.51147073584014
1270,317.5,-9.04767688047467
1271,317.75,-8.42381142443913
1272,318,-7.63168767321353
1273,318.25,-6.67045725576749
1274,318.5,-5.54724167106347
1275,318.75,-4.27741263308735
1276,319,-2.88445913087917
1277,319.25,-1.39940731363736
1278,319.5,0.140210661707429
1279,319.75,1.69181300804892
1280,320,3.20959565357592
1281,320.25,4.64664982501554
1282,320.5,5.95726584755514
1283,320.75,7.09930054731365
1284,321,8.03647320062624
1285,321.25,8.74045003854772
1286,321.5,9.19258138996832
1287,321.75,9.38517030531525
1288,322,9.322178091474
1289,322.25,9.01930989134619
1290,322.5,8.50346848449583
1291,322.75,7.8116100971982
1292,323,6.98907435385892
1293,323.25,6.08748586344745
1294,323.5,5.16233638919921
1295,323.75,4.27035826266824
1296,324,3.46679843059639
1297,324.25,2.80270380723888
1298,324.5,2.32233405226164
1299,324.75,2.06082505469922
1300,325,2.04223088662278
1301,325.25,2.27807002720152
1302,325.5,2.76649128585601
1303,325.75,3.4921551936394
1304,326,4.42689634795484
1305,326.25,5.53118896665845
1306,326.5,6.75638006939522
1307,326.75,8.04758445194086
1308,327,9.3470615103256
1309,327.25,10.5978302416133
1310,327.5,11.7472407619508
1311,327.75,12.750218622787
1312,328,13.5719327049574
1313,328.25,14.1896998067951
1314,328.5,14.5940155325844
1315,328.75,14.788678692732
1316,329,14.7900462969238
1317,329.25,14.6255138660407
1318,329.5,14.3313591406791
1319,329.75,13.9501150671839
1320,330,13.5276499186022
1321,330.25,13.1101306053663
1322,330.5,12.7410346328986
1323,330.75,12.4583631475007
1324,331,12.2921965649597
1325,331.25,12.2627250936865
1326,331.5,12.3788737147906
1327,331.75,12.6376176015315
1328,332,13.0240451158698
1329,332.25,13.5121732413963
1330,332.5,14.0664625630969
1331,332.75,14.6439262785367
1332,333,15.1966890203453
1333,333.25,15.6748307821995
1334,333.5,16.0293486148848
1335,333.75,16.2150803510214
1336,334,16.1934549313117
1337,334.25,15.9349566002847
1338,334.5,15.4212091225378
1339,334.75,14.6465966835755
1340,335,13.6193392016391
1341,335.25,12.3619351762049
1342,335.5,10.9108835502576
1343,335.75,9.3156087182842
1344,336,7.6365498374122
1345,336.25,5.94244090573058
1346,336.5,4.30689564616496
1347,336.75,2.80450465624222
1348,337,1.50672873036159
1349,337.25,0.47791015420088
1350,337.5,-0.228288878102152
1351,337.75,-0.57177195120639
1352,338,-0.528060574480145
1353,338.25,-0.0894523610712272
1354,338.5,0.734694797354325
1355,338.75,1.91848235252713
1356,339,3.42070500307681
1357,339.25,5.18671185172071
1358,339.5,7.15081856891058
1359,339.75,9.23920074114922
1360,340,11.3731918210362
1361,340.25,13.4728852163808
1362,340.5,15.4609005801678
1363,340.75,17.266126827379
1364,341,18.827211919433
1365,341.25,20.0955478162344
1366,341.5,21.0375113113137
1367,341.75,21.6357725464618
1368,342,21.889566569037
1369,342.25,21.8139236837415
1370,342.5,21.4379518914984
1371,342.75,20.8023423037875
1372,343,19.9563166458948
1373,343.25,18.9542548298663
1374,343.5,17.8522374595125
1375,343.75,16.7047228605966
1376,344,15.5615577249801
1377,344.25,14.4654955488497
1378,344.5,13.450363215953
1379,344.75,12.5399677509524
1380,345,11.7477713051308
1381,345.25,11.0772896202121
1382,345.5,10.5231013416401
1383,345.75,10.0723080738651
1384,346,9.7062679745322
1385,346.25,9.4024385964305
1386,346.5,9.13619707904256
1387,346.75,8.88254228350662
1388,347,8.6176113307067
1389,347.25,8.31995788695067
1390,347.5,7.97154639103301
1391,347.75,7.55842523929305
1392,348,7.07106086702664
1393,348.25,6.50434429820375
1394,348.5,5.85731420174461
1395,348.75,5.13266375785169
1396,349,4.33610369194843
1397,349.25,3.47564041160222
1398,349.5,2.56080541675109
1399,349.75,1.60185361184151
1400,350,0.608944310308117
1401,350.25,-0.408668431220615
1402,350.5,-1.4433867599922
1403,350.75,-2.48989033145254
1404,351,-3.54554635739355
1405,351.25,-4.61053147348277
1406,351.5,-5.68760825142256
1407,351.75,-6.78153162582911
1408,352,-7.89810354671605
1409,352.25,-9.04294552426004
1410,352.5,-10.2201131738694
1411,352.75,-11.430723943655
1412,353,-12.6717942863759
1413,353.25,-13.9354717972131
1414,353.5,-15.2087950855303
1415,353.75,-16.4740260832515
1416,354,-17.7094963297174
1417,354.25,-18.8908189161332
1418,354.5,-19.992267847186
1419,354.75,-20.9881308098683
1420,355,-21.8538953480201
1421,355.25,-22.5672106949527
1422,355.5,-23.1086478614591
1423,355.75,-23.4623318164645
1424,356,-23.6165271308759
1425,356.25,-23.5642244151929
1426,356.5,-23.3037158826281
1427,356.75,-22.8390884433717
1428,357,-22.1805244896974
1429,357.25,-21.3442977273815
1430,357.5,-20.3523852181504
1431,357.75,-19.231676456846
1432,358,-18.0128274450752
1433,358.25,-16.7288627897458
1434,358.5,-15.4136576955279
1435,358.75,-14.1004301443966
1436,359,-12.8203480131522
1437,359.25,-11.6013197928165
1438,359.5,-10.4670051144891
1439,359.75,-9.43606178936871
1440,360,-8.52164151260744
1441,360.25,-7.73115220008059
1442,360.5,-7.06631279499684
1443,360.75,-6.52352737945247
1444,361,-6.09459288228653
1445,361.25,-5.7677264627779
1446,361.5,-5.52885855606899
1447,361.75,-5.36309484685116
1448,362,-5.25621696769258
1449,362.25,-5.19607748407215
1450,362.5,-5.17375383154309
1451,362.75,-5.18435524630015
1452,363,-5.22741818940701
1453,363.25,-5.30686996768412
1454,363.5,-5.43058026002343
1455,363.75,-5.60955287746143
1456,364,-5.85683485886844
1457,364.25,-6.18623715113964
1458,364.5,-6.610970263528
1459,364.75,-7.1422987851971
1460,365,-7.78831088019997
1461,365.25,-8.5528848788623
1462,365.5,-9.43491791385153
1463,365.75,-10.4278637135611
1464,366,-11.5196090489273
1465,366.25,-12.6927003536121
1466,366.5,-13.9249128908812
1467,366.75,-15.190134830386
1468,367,-16.4595195655237
1469,367.25,-17.7028439530102
1470,367.5,-18.8899991179377
1471,367.75,-19.9925330415823
1472,368,-20.9851580046593
1473,368.25,-21.8471299832784
1474,368.5,-22.5634036043507
1475,368.75,-23.1254706884266
1476,369,-23.531808146753
1477,369.25,-23.7878935845706
1478,369.5,-23.9057901489554
1479,369.75,-23.9033470627199
1480,370,-23.8030985830933
1481,370.25,-23.6309636005157
1482,370.5,-23.4148473105947
1483,370.75,-23.1832278741832
1484,371,-22.9637825545084
1485,371.25,-22.7820800686771
1486,371.5,-22.6603484241723
1487,371.75,-22.6163255898052
1488,372,-22.6622133787283
1489,372.25,-22.8037772734952
1490,372.5,-23.0396582442844
1491,372.75,-23.3609782165532
1492,373,-23.7513214803216
1493,373.25,-24.1871555214155
1494,373.5,-24.6387162262915
1495,373.75,-25.0713294715832
1496,374,-25.4470848192306
1497,374.25,-25.726731946093
1498,374.5,-25.8716497419399
1499,374.75,-25.8457479181713
1500,375,-25.6171971719229
1501,375.25,-25.1599325413596
1502,375.5,-24.4549175607813
1503,375.75,-23.4911797481119
1504,376,-22.2666261115864
1505,376.25,-20.7886272213743
1506,376.5,-19.0743337377126
1507,376.75,-17.1506741159197
1508,377,-15.0539842499231
1509,377.25,-12.8292378249086
1510,377.5,-10.5288718018775
1511,377.75,-8.21122442162401
1512,378,-5.93861679685651
1513,378.25,-3.77511454347006
1514,378.5,-1.78401160698692
1515,378.75,-0.0250965235455119
1516,379,1.44819965148928
1517,379.25,2.5916161392155
1518,379.5,3.37261477045754
1519,379.75,3.77240528707241
1520,380,3.78717385534296
1521,380.25,3.42829855509632
1522,380.5,2.72144410000352
1523,380.75,1.70457327589808
1524,381,0.425065768424246
1525,381.25,-1.06373430582598
1526,381.5,-2.70613720905418
1527,381.75,-4.44746526065059
1528,382,-6.23676336977551
1529,382.25,-8.02857442254799
1530,382.5,-9.78363024673988
1531,382.75,-11.4684665624288
1532,383,-13.0541228334755
1533,383.25,-14.5142129047004
1534,383.5,-15.8227331356226
1535,383.75,-16.9520033434125
1536,384,-17.8711135068702
1537,384.25,-18.5451846257443
1538,384.5,-18.9356571019098
1539,384.75,-19.0017037748206
1540,385,-18.702731597064
1541,385.25,-18.0017887148466
1542,385.5,-16.8695420232526
1543,385.75,-15.2883569703833
1544,386,-13.2559304055994
1545,386.25,-10.7879311983648
1546,386.5,-7.91920723635187
1547,386.75,-4.70330833931269
1548,387,-1.2103135607343
1549,387.25,2.47681367914214
1550,387.5,6.26693540303812
1551,387.75,10.0660027523044
1552,388,13.7823441331094
1553,388.25,17.3315022911719
1554,388.5,20.6402473128402
1555,388.75,23.6495187552898
1556,389,26.3161787913446
1557,389.25,28.6135739491338
1558,389.5,30.5309958959655
1559,389.75,32.072197079983
1560,390,33.2531551520796
1561,390.25,34.0992957551045
1562,390.5,34.6423846081167
1563,390.75,34.917295725733
1564,391,34.9588594105321
1565,391.25,34.7989922651336
1566,391.5,34.4643067905897
1567,391.75,33.9743813911968
1568,392,33.3408349207001
1569,392.25,32.5672909870239
1570,392.5,31.65024162396
1571,392.75,30.5807394646844
1572,393,29.3467756520524
1573,393.25,27.9361471952893
1574,393.5,26.3395856024231
1575,393.75,24.5539060549972
1576,394,22.5849389636942
1577,394.25,20.4500211311935
1578,394.5,18.1798525233262
1579,394.75,15.8195680156498
1580,395,13.428929611381
1581,395.25,11.08160654175
1582,395.5,8.86356760227729
1583,395.75,6.87065195540877
1584,396,5.20540707667525
1585,396.25,3.9732895040329
1586,396.5,3.27832619535044
1587,396.75,3.21834369191597
1588,397,3.87989675071255
1589,397.25,5.33306824413159
1590,397.5,7.62636225634475
1591,397.75,10.7819638186872
1592,398,14.7916832263198
1593,398.25,19.6139335471871
1594,398.5,25.1721010622229
1595,398.75,31.3546538749706
1596,399,38.0172858408543
1597,399.25,44.987301102155
1598,399.5,52.0702984119471
1599,399.75,59.0590083087001
1600,400,65.7438763772277
1601,400.25,71.9246983426365
1602,400.5,77.4223472049525
1603,400.75,82.0894573877448
1604,401,85.8189164136681
1605,401.25,88.5492073152663
1606,401.5,90.2660406085005
1607,401.75,91.0002450459745
1608,402,90.8224303385529
1609,402.25,89.835354391506
1610,402.5,88.1651161394178
1611,402.75,85.9522196870059
1612,403,83.3432700836504
1613,403.25,80.483685447619
1614,403.5,77.5114816724616
1615,403.75,74.5520049215705
1616,404,71.7134804912629
1617,404.25,69.0833661819091
1618,404.5,66.7256520606745
1619,404.75,64.6793466841095
1620,405,62.9583818406417
1621,405.25,61.5530547606474
1622,405.5,60.4329497624872
1623,405.75,59.5510972851772
1624,406,58.8489857041946
1625,406.25,58.2619663590971
1626,406.5,57.7245868609047
1627,406.75,57.1754373560303
1628,407,56.5611784364419
1629,407.25,55.8395199449003
1630,407.5,54.9810256418495
1631,407.75,53.9697236362044
1632,408,52.8026023308144
1633,408.25,51.4881599065172
1634,408.5,50.0442421403137
1635,408.75,48.4954378168251
1636,409,46.8702967979283
1637,409.25,45.1985960338365
1638,409.5,43.5088170215767
1639,409.75,41.8259343865408
1640,410,40.169568070244
1641,410.25,38.5525313799503
1642,410.5,36.979812660142
1643,410.75,35.4480484384625
1644,411,33.9455644158832
1645,411.25,32.4530619698927
1646,411.5,30.9450011907962
1647,411.75,29.3916738715817
1648,412,27.7618773822507
1649,412.25,26.0260075071911
1650,412.5,24.1593047275637
1651,412.75,22.144932912606
1652,413,19.9765539398852
1653,413.25,17.6600886694579
1654,413.5,15.2144182309568
1655,413.75,12.6708705522602
1656,414,10.0714464677927
1657,414.25,7.46585934197719
1658,414.5,4.907582694785
1659,414.75,2.4492103494511
1660,415,0.137520468817995
1661,415.25,-1.99131264470515
1662,415.5,-3.91590422472146
1663,415.75,-5.63282084714581
1664,416,-7.1583731731954
1665,416.25,-8.52880770789701
1666,416.5,-9.79880602321266
1667,416.75,-11.0383528649264
1668,417,-12.3281825972242
1669,417.25,-13.7541392183383
1670,417.5,-15.4008756756905
1671,417.75,-17.3453676512569
1672,418,-19.6507269022079
1673,418.25,-22.3607752579749
1674,418.5,-25.4957878612917
1675,418.75,-29.0497359750713
1676,419,-32.9892573256953
1677,419.25,-37.2544599749999
1678,419.5,-41.7615340863182
1679,419.75,-46.4070188270882
1680,420,-51.0734622336633
1681,420.25,-55.6361269889049
1682,420.5,-59.9703335590305
1683,420.75,-63.9589884232007
1684,421,-67.4998158020188
1685,421.25,-70.5118003786839
1686,421.5,-72.9403678408879
1687,421.75,-74.7608938696476
1688,422,-75.9802480820657
1689,422.25,-76.6362404318296
1690,422.5,-76.795020127809
1691,422.75,-76.5466476028658
1692,423,-75.9991874243362
1693,423.25,-75.2717382670956
1694,423.5,-74.486829549024
1695,423.75,-73.7625937247221
1696,424,-73.2050946921771
1697,424.25,-72.9011759960349
1698,424.5,-72.9121928422588
1699,424.75,-73.2689990182691
1700,425,-73.9685527828842
1701,425.25,-74.9724625900938
1702,425.5,-76.2077005853491
1703,425.75,-77.5695704218559
1704,426,-78.9268426087897
1705,426.25,-80.1287918063641
1706,426.5,-81.0137142757172
1707,426.75,-81.4183918174468
1708,427,-81.1879115470978
1709,427.25,-80.1852468154319
1710,427.5,-78.3000408773917
1711,427.75,-75.4560930163212
1712,428,-71.6171097164228
1713,428.25,-66.7903442010783
1714,428.5,-61.027815342346
1715,428.75,-54.4248954553874
1716,429,-47.1162131356504
1717,429.25,-39.2690444617769
1718,429.5,-31.074644211113
1719,429.75,-22.7382424681235
1720,430,-14.4686228428551
1721,430.25,-6.46823528450586
1722,430.5,1.0753510423734
1723,430.75,7.99614896570161
1724,431,14.1544643519895
1725,431.25,19.4397810776641
1726,431.5,23.7721468721157
1727,431.75,27.1023761022543
1728,432,29.4112493466678
1729,432.25,30.7077305816272
1730,432.5,31.026150306293
1731,432.75,30.4223830661726
1732,433,28.9692733175719
1733,433.25,26.7518555517401
1734,433.5,23.8631530232757
1735,433.75,20.4014073750598
1736,434,16.4694162178223
1737,434.25,12.1762346539548
1738,434.5,7.6409025153477
1739,434.75,2.99722457113276
1740,435,-1.60188235063484
1741,435.25,-5.98220398365869
1742,435.5,-9.94980819401323
1743,435.75,-13.2974833762668
1744,436,-15.8163113859789
1745,436.25,-17.3116747881115
1746,436.5,-17.6220560746282
1747,436.75,-16.6382653380383
1748,437,-14.3203753470054
1749,437.25,-10.7097229804327
1750,437.5,-5.93385346174987
1751,437.75,-0.203173283052701
1752,438,6.20077923534629
1753,438.25,12.9443023664357
1754,438.5,19.6654687175816
1755,438.75,25.9999653201073
1756,439,31.6055019432561
1757,439.25,36.1818293507124
1758,439.5,39.4843800737491
1759,439.75,41.3308733441751
1760,440,41.6015456230373
1761,440.25,40.2346180118356
1762,440.5,37.2189869291328
1763,440.75,32.5859481644114
1764,441,26.4012420284097
1765,441.25,18.758097958717
1766,441.5,9.7714497985631
1767,441.75,-0.42684324267605
1768,442,-11.6921205057724
1769,442.25,-23.8708154447356
1770,442.5,-36.8045310589729
1771,442.75,-50.3345783392804
1772,443,-64.3070264495884
1773,443.25,-78.5780098967382
1774,443.5,-93.0187516585842
1775,443.75,-107.519591924166
1776,444,-121.992327154729
1777,444.25,-136.370367966314
1778,444.5,-150.606558457416
1779,444.75,-164.66886971509
1780,445,-178.534492741983
1781,445.25,-192.183048198319
1782,445.5,-205.589684604155
1783,445.75,-218.718777594663
1784,446,-231.518819769462
1785,446.25,-243.918952918395
1786,446.5,-255.82746953148
1787,446.75,-267.132495852147
1788,447,-277.704940280385
1789,447.25,-287.40362450121
1790,447.5,-296.082307256819
1791,447.75,-303.598089146734
1792,448,-309.820499527188
1793,448.25,-314.640462124175
1794,448.5,-317.978341836749
1795,448.75,-319.790386780422
1796,449,-320.07306415801
1797,449.25,-318.865000239217
1798,449.5,-316.246432822688
1799,449.75,-312.33624644857
1800,450,-307.286785274283
1801,450.25,-301.276740005727
1802,450.5,-294.502500728147
1803,450.75,-287.168465400184
1804,451,-279.476887789369
1805,451.25,-271.617918863203
1806,451.5,-263.760516566544
1807,451.75,-256.044850175165
1808,452,-248.576701327842
1809,452.25,-241.424177495103
1810,452.5,-234.616834056067
1811,452.75,-228.147084832747
1812,453,-221.973601596061
1813,453.25,-216.026283561746
1814,453.5,-210.212326616917
1815,453.75,-204.422933439988
1816,454,-198.540263189989
1817,454.25,-192.444298883263
1818,454.5,-186.019384681231
1819,454.75,-179.160230130553
1820,455,-171.777181410585
1821,455.25,-163.800526792018
1822,455.5,-155.183560821474
1823,455.75,-145.904118506206
1824,456,-135.964344935417
1825,456.25,-125.388606819718
1826,456.5,-114.219669530178
1827,456.75,-102.513515054778
1828,457,-90.3334033552509
1829,457.25,-77.7439236068366
1830,457.5,-64.8058038793003
1831,457.75,-51.5721390671523
1832,458,-38.0864789778875
1833,458.25,-24.3829359908422
1834,458.5,-10.4881792983233
1835,458.75,3.57506883140019
1836,459,17.7835950531631
1837,459.25,32.108962114952
1838,459.5,46.5131327330621
1839,459.75,60.945043848421
1840,460,75.3386256442737
1841,460.25,89.6126323413788
1842,460.5,103.672498452518
1843,460.75,117.414249457645
1844,461,130.730276463891
1845,461.25,143.516539860879
1846,461.5,155.680524950266
1847,461.75,167.149074786364
1848,462,177.8751160512
1849,462.25,187.842306400404
1850,462.5,197.066783165694
1851,462.75,205.595483660398
1852,463,213.500920541522
1853,463.25,220.872794409752
1854,463.5,227.80734320136
1855,463.75,234.395767888171
1856,464,240.713330833378
1857,464.25,246.810716644155
1858,464.5,252.708953571838
1859,464.75,258.398664242393
1860,465,263.843750677435
1861,465.25,268.988947842045
1862,465.5,273.770123277072
1863,465.75,278.125848337007
1864,466,282.008665161019
1865,466.25,285.394618480111
1866,466.5,288.289961763441
1867,466.75,290.734399923659
1868,467,292.800704300697
1869,467.25,294.590955110972
1870,467.5,296.229989455475
1871,467.75,297.856848531715
1872,468,299.615133409291
1873,468.25,301.643204937916
1874,468.5,304.065105985247
1875,468.75,306.98294859611
1876,469,310.471308581809
1877,469.25,314.573932561497
1878,469.5,319.302823376781
1879,469.75,324.639561704874
1880,470,330.538562783304
1881,470.25,336.931858202396
1882,470.5,343.734924223922
1883,470.75,350.853042051834
1884,471,358.187673045164
1885,471.25,365.642371175153
1886,471.5,373.127841257441
1887,471.75,380.565876822613
1888,472,387.892053149984
1889,472.25,395.057179418667
1890,472.5,402.027605975322
1891,472.75,408.784531494921
1892,473,415.32247050255
1893,473.25,421.647043578474
1894,473.5,427.772257420774
1895,473.75,433.717455946833
1896,474,439.504141253164
1897,474.25,445.152872980819
1898,474.5,450.680446909068
1899,474.75,456.097526296237
1900,475,461.406858133359
1901,475.25,466.602160166302
1902,475.5,471.66772058808
1903,475.75,476.578712898832
1904,476,481.30219104841
1905,476.25,485.798690927317
1906,476.5,490.024322892056
1907,476.75,493.933200530452
1908,477,497.480020690465
1909,477.25,500.62259553028
1910,477.5,503.324141594988
1911,477.75,505.555151935481
1912,478,507.294711386841
1913,478.25,508.531159689037
1914,478.5,509.262061630238
1915,478.75,509.493507601794
1916,479,509.238838499468
1917,479.25,508.516956622734
1918,479.5,507.350434757857
1919,479.75,505.763654013684
1920,480,503.781178350658
1921,480.25,501.426512519524
1922,480.5,498.721304410479
1923,480.75,495.684963643766
1924,481,492.33459633322
1925,481.25,488.685115652949
1926,481.5,484.749384256056
1927,481.75,480.538273891007
1928,482,476.060578901837
1929,482.25,471.322778679742
1930,482.5,466.328693969708
1931,482.75,461.079111234432
1932,483,455.571453317343
1933,483.25,449.799557411994
1934,483.5,443.753593608594
1935,483.75,437.420131894403
1936,484,430.782351900354
1937,484.25,423.82039028013
1938,484.5,416.511830297107
1939,484.75,408.832347496934
1940,485,400.756525188877
1941,485.25,392.258839295319
1942,485.5,383.314785485765
1943,485.75,373.90208882457
1944,486,364.001906120127
1945,486.25,353.599912163419
1946,486.5,342.687159496816
1947,486.75,331.26062051201
1948,487,319.323359328152
1949,487.25,306.884332125758
1950,487.5,293.957866007999
1951,487.75,280.56290339268
1952,488,266.722110463407
1953,488.25,252.460932730934
1954,488.5,237.806647582909
1955,488.75,222.787428889819
1956,489,207.431417352177
1957,489.25,191.765789494894
1958,489.5,175.815834924514
1959,489.75,159.60407502092
1960,490,143.149474208553
1961,490.25,126.466798636614
1962,490.5,109.566164453106
1963,490.75,92.4527933167712
1964,491,75.1269648559418
1965,491.25,57.5841338916786
1966,491.5,39.8151719364694
1967,491.75,21.8067011536833
1968,492,3.54151228414947
1969,492.25,-15.0009123727511
1970,492.5,-33.8437266378656
1971,492.75,-53.0118505140809
1972,493,-72.5308774788396
1973,493.25,-92.4257830982549
1974,493.5,-112.719523434195
1975,493.75,-133.431672781395
1976,494,-154.57728761598
1977,494.25,-176.166181689471
1978,494.5,-198.202750852964
1979,494.75,-220.686403033899
1980,495,-243.612547051505
1981,495.25,-266.973997047991
1982,495.5,-290.762578960113
1983,495.75,-314.970695794865
1984,496,-339.592622669132
1985,496.25,-364.625352789946
1986,496.5,-390.068886242989
1987,496.75,-415.925926974946
1988,497,-442.201015873997
1989,497.25,-468.899173224608
1990,497.5,-496.024153775825
1991,497.75,-523.576438521825
1992,498,-551.551104965679
1993,498.25,-579.935733728695
1994,498.5,-608.708520322016
1995,498.75,-637.836760484819
1996,499,-667.275861057399
1997,499.25,-696.968996259201
1998,499.5,-726.8474873904
1999,499.75,-756.831941024755
2000,500,-786.834143676254
2001,500.25,-816.759681748061
2002,500.5,-846.511231399488
2003,500.75,-875.992438783599
2004,501,-905.112283260379
2005,501.25,-933.78978404129
2006,501.5,-961.958875839227
2007,501.75,-989.573243385154
2008,502,-1016.61086958699
2009,502.25,-1043.07801999078
2010,502.5,-1069.01236260886
2011,502.75,-1094.48491661055
2012,503,-1119.60054651529
2013,503.25,-1144.49677663192
2014,503.5,-1169.34079027158
2015,503.75,-1194.32458611545
2016,504,-1219.65837074357
2017,504.25,-1245.56235445031
2018,504.5,-1272.2571784264
2019,504.75,-1299.95323745794
2020,505,-1328.83918437645
2021,505.25,-1359.06992519753
2022,505.5,-1390.75445070125
2023,505.75,-1423.94391019403
2024,506,-1458.62041898066
2025,506.25,-1494.68719740031
2026,506.5,-1531.96075207146
2027,506.75,-1570.16590716237
2028,507,-1608.93454852353
2029,507.25,-1647.8089312458
2030,507.5,-1686.25030392803
2031,507.75,-1723.65341430466
2032,508,-1759.36718664404
2033,508.25,-1792.72151707324
2034,508.5,-1823.05974000319
2035,508.75,-1849.77589955192
2036,509,-1872.35553452871
2037,509.25,-1890.41827128713
2038,509.5,-1903.76013147659
2039,509.75,-1912.39311962406
2040,510,-1916.5793823338
2041,510.25,-1916.8570569606
2042,510.5,-1914.05488728214
2043,510.75,-1909.29281060882
2044,511,-1903.96604233723
2045,511.25,-1899.71071707834
2046,511.5,-1898.3498940873
2047,511.75,-1901.8196883179
2048,512,-1912.07642087979
2049,512.25,-1930.98695089949
2050,512.5,-1960.20569460291
2051,512.75,-2001.04318195813
2052,513,-2054.33226183857
2053,513.25,-2120.29915514054
2054,513.5,-2198.44738480858
2055,513.75,-2287.4631002034
2056,514,-2385.15038574851
2057,514.25,-2488.40473575346
2058,514.5,-2593.23193939548
2059,514.75,-2694.81812364305
2060,515,-2787.65464504059
2061,515.25,-2865.71893098222
2062,515.5,-2922.70930688765
2063,515.75,-2952.32840255339
2064,516,-2948.60604443521
2065,516.25,-2906.24879316109
2066,516.5,-2820.99971068584
2067,516.75,-2689.98881957374
2068,517,-2512.05235572659
2069,517.25,-2287.99761286334
2070,517.5,-2020.79016960949
2071,517.75,-1715.64171348512
2072,518,-1379.97955734834
2073,518.25,-1023.28325401353
2074,518.5,-656.779474813231
2075,518.75,-292.993704569827
2076,519,54.8333416244005
2077,519.25,373.445047171103
2078,519.5,650.350681307396
2079,519.75,874.641606111749
2080,520,1037.78055687439
2081,520.25,1134.29431108215
2082,520.5,1162.30031356589
2083,520.75,1123.80887998428
2084,521,1024.76392677126
2085,521.25,874.813166254404
2086,521.5,686.827705587901
2087,521.75,476.215229149581
2088,522,260.086403854404
2089,522.25,56.3395087675065
2090,522.5,-117.275189150025
2091,522.75,-244.059162850007
2092,523,-309.197057188058
2093,523.25,-300.486479840275
2094,523.5,-208.945179834164
2095,523.75,-29.279682080725
2096,524,239.798323855539
2097,524.25,595.420832097447
2098,524.5,1030.58984970542
2099,524.75,1534.39127758158
2100,525,2092.40188936166
2101,525.25,2687.28777128051
2102,525.5,3299.58308668838
2103,525.75,3908.62708476723
2104,526,4493.6259515893
2105,526.25,5034.79516990509
2106,526.5,5514.52758050513
2107,526.75,5918.52181858584
2108,527,6236.79505290813
2109,527.25,6464.49445240506
2110,527.5,6602.4174565263
2111,527.75,6657.15737532371
2112,528,6640.81310381317
2113,528.25,6570.24118890344
2114,528.5,6465.88093750566
2115,528.75,6350.23926986769
2116,529,6246.16971461002
2117,529.25,6175.10898567308
2118,529.5,6155.4396010599
2119,529.75,6201.12878332011
2120,530,6320.75804759751
2121,530.25,6517.01205160353
2122,530.5,6786.64634060745
2123,530.75,7120.9064308455
2124,531,7506.32845086436
2125,531.25,7925.81715363213
2126,531.5,8359.87400293131
2127,531.75,8787.84016374596
2128,532,9189.02959409641
2129,532.25,9543.65624068634
2130,532.5,9833.50267163535
2131,532.75,10042.3274438251
2132,533,10156.0549730607
2133,533.25,10162.8250970486
2134,533.5,10052.9936479579
2135,533.75,9819.16874421961
2136,534,9456.34325373511
2137,534.25,8962.14796907513
2138,534.5,8337.209565389
2139,534.75,7585.55945737856
2140,535,6715.0108685018
2141,535.25,5737.40757317964
2142,535.5,4668.65284401853
2143,535.75,3528.45178984027
2144,536,2339.74068338615
2145,536.25,1127.82489220296
2146,536.5,-80.7079230778711
2147,536.75,-1259.20038365625
2148,537,-2382.15118291726
2149,537.25,-3426.34719204771
2150,537.5,-4371.81570373175
2151,537.75,-5202.53971697661
2152,538,-5906.90990962682
2153,538.25,-6477.91435771544
2154,538.5,-6913.08831626645
2155,538.75,-7214.26044502302
2156,539,-7387.1389328198
2157,539.25,-7440.78205097925
2158,539.5,-7386.99433780032
2159,539.75,-7239.68378381852
2160,540,-7014.20886176599
2161,540.25,-6726.73834178513
2162,540.5,-6393.64217224302
2163,540.75,-6030.92830157277
2164,541,-5653.73784163989
2165,541.25,-5275.90904033595
2166,541.5,-4909.61883895785
2167,541.75,-4565.10912764809
2168,542,-4250.50298774335
2169,542.25,-3971.7139959607
2170,542.5,-3732.44882668631
2171,542.75,-3534.29979349713
2172,543,-3376.91972409775
2173,543.25,-3258.26706203149
2174,543.5,-3174.90494259075
2175,543.75,-3122.33483258123
2176,544,-3095.34364047931
2177,544.25,-3088.34327343312
2178,544.5,-3095.68353803923
2179,544.75,-3111.92297930887
2180,545,-3132.04740877013
2181,545.25,-3151.63182945424
2182,545.5,-3166.94724428739
2183,545.75,-3175.01836746457
2184,546,-3173.64076622445
2185,546.25,-3161.36627790208
2186,546.5,-3137.46419119674
2187,546.75,-3101.86359719116
2188,547,-3055.08044423526
2189,547.25,-2998.13173771538
2190,547.5,-2932.43909565684
2191,547.75,-2859.72425864021
2192,548,-2781.89983068944
2193,548.25,-2700.95924968465
2194,548.5,-2618.87059296759
2195,548.75,-2537.47917237947
2196,549,-2458.4237928373
2197,549.25,-2383.07088855661
2198,549.5,-2312.46947553791
2199,549.75,-2247.32811573389
2200,550,-2188.01318806962
2201,550.25,-2134.56606847235
2202,550.5,-2086.73561304355
2203,550.75,-2044.02171464686
2204,551,-2005.72558858096
2205,551.25,-1971.0026767199
2206,551.5,-1938.91450238148
2207,551.75,-1908.47640104352
2208,552,-1878.69879647343
2209,552.25,-1848.620582925
2210,552.5,-1817.33414388796
2211,552.75,-1784.00245291331
2212,553,-1747.86941287339
2213,553.25,-1708.26499708147
2214,553.5,-1664.60684992811
2215,553.75,-1616.39986327881
2216,554,-1563.23498926276
2217,554.25,-1504.78829094289
2218,554.5,-1440.82102837566
2219,554.75,-1371.18142390979
2220,555,-1295.8085965323
2221,555.25,-1214.73893777321
2222,555.5,-1128.1148791545
2223,555.75,-1036.19557258156
2224,556,-939.368513426838
2225,556.25,-838.160655551093
2226,556.5,-733.24718243272
2227,556.75,-625.455882502433
2228,557,-515.765079349858
2229,557.25,-405.293311240822
2230,557.5,-295.279438859452
2231,557.75,-187.052567530771
2232,558,-81.9920682018401
2233,558.25,18.5209783627065
2234,558.5,113.158479987552
2235,558.75,200.702669571094
2236,559,280.101700045463
2237,559.25,350.518637368693
2238,559.5,411.369113002621
2239,559.75,462.343770724537
2240,560,503.413267976325
2241,560.25,534.815755942227
2242,560.5,557.029047103448
2243,560.75,570.731570541637
2244,561,576.757282070241
2245,561.25,576.049749785501
2246,561.5,569.619788532468
2247,561.75,558.509609478337
2248,562,543.764894397938
2249,562.25,526.414827127281
2250,562.5,507.459085504886
2251,562.75,487.860137425079
2252,563,468.53883766823
2253,563.25,450.371223952454
2254,563.5,434.184525101186
2255,563.75,420.750709043355
2256,564,410.776401978342
2257,564.25,404.888671896122
2258,564.5,403.616932914419
2259,564.75,407.372010577011
2260,565,416.424113974502
2261,565.25,430.881984322062
2262,565.5,450.675741434786
2263,565.75,475.545878267732
2264,566,505.040466203059
2265,566.25,538.521994482227
2266,566.5,575.18447454555
2267,566.75,614.080592558777
2268,567,654.157866034524
2269,567.25,694.30200444971
2270,567.5,733.385034731299
2271,567.75,770.315287353839
2272,568,804.086113666636
2273,568.25,833.820271355036
2274,568.5,858.807277866283
2275,568.75,878.531631481951
2276,569,892.690519637969
2277,569.25,901.200335672021
2278,569.5,904.191900973483
2279,569.75,901.994711539959
2280,570,895.110865232033
2281,570.25,884.17971078052
2282,570.5,869.934807440015
2283,570.75,853.155507929802
2284,571,834.616248947936
2285,571.25,815.037224565469
2286,571.5,795.040298601822
2287,571.75,775.113654317487
2288,572,755.587808562869
2289,572.25,736.624395384435
2290,572.5,718.21778544796
2291,572.75,700.208380980295
2292,573,682.305477597893
2293,573.25,664.11700189235
2294,573.5,645.183242634784
2295,573.75,625.011882251132
2296,574,603.112159438215
2297,574.25,579.026756971504
2298,574.5,552.360844525179
2299,574.75,522.808396650887
2300,575,490.176247030521
2301,575.25,454.406228809534
2302,575.5,415.595243595976
2303,575.75,374.012404135921
2304,576,330.111781640511
2305,576.25,284.538986797659
2306,576.5,238.129916480781
2307,576.75,191.900438914998
2308,577,147.0263910155
2309,577.25,104.81382883068
2310,577.5,66.6598849836323
2311,577.75,34.0048427830561
2312,578,8.27623427931264
2313,578.25,-9.17394962829028
2314,578.5,-17.137371552131
2315,578.75,-14.6205085205535
2316,579,-0.915708541502681
2317,579.25,24.3319197637539
2318,579.5,61.0666055329146
2319,579.75,108.778251500956
2320,580,166.478217859149
2321,580.25,232.699179714777
2322,580.5,305.522522594632
2323,580.75,382.635002745344
2324,581,461.414117254501
2325,581.25,539.038913194625
2326,581.5,612.62007051435
2327,581.75,679.340458444344
2328,582,736.595557514569
2329,582.25,782.122694213105
2330,582.5,814.109237124225
2331,582.75,831.272617294663
2332,583,832.908691873893
2333,583.25,818.908729541162
2334,583.5,789.748330053275
2335,583.75,746.453348076708
2336,584,690.548244648381
2337,584.25,623.99150916504
2338,584.5,549.101405198837
2339,584.75,468.473883453918
2340,585,384.89356395329
2341,585.25,301.238497683697
2342,585.5,220.379998253614
2343,585.75,145.07996408587
2344,586,77.8893988590906
2345,586.25,21.0528436259949
2346,586.5,-23.5761927337575
2347,586.75,-54.6041399552539
2348,587,-71.1470959965934
2349,587.25,-72.8594747145935
2350,587.5,-59.9413296814155
2351,587.75,-33.125406492381
2352,588,6.35441024797705
2353,588.25,56.8117306298959
2354,588.5,116.172515659246
2355,588.75,182.055990347973
2356,589,251.871558119309
2357,589.25,322.930707870674
2358,589.5,392.570763389965
2359,589.75,458.284348932393
2360,590,517.845428295177
2361,590.25,569.420737407282
2362,590.5,611.655283293443
2363,590.75,643.722778524142
2364,591,665.336188165977
2365,591.25,676.719074020585
2366,591.5,678.543798054259
2367,591.75,671.846572442431
2368,592,657.930934590863
2369,592.25,638.270302660992
2370,592.5,614.417375599138
2371,592.75,587.924342138873
2372,593,560.274378031467
2373,593.25,532.82273575452
2374,593.5,506.74533034529
2375,593.75,482.9939111379
2376,594,462.258956041956
2377,594.25,444.943371418419
2378,594.5,431.151093572808
2379,594.75,420.694335446242
2380,595,413.121562632693
2381,595.25,407.765770187572
2382,595.5,403.809907098653
2383,595.75,400.363963737112
2384,596,396.546711985244
2385,596.25,391.564543557836
2386,596.5,384.780276092673
2387,596.75,375.766065250106
2388,597,364.336485032105
2389,597.25,350.560162541931
2390,597.5,334.750750914208
2391,597.75,317.440129504322
2392,598,299.338201256782
2393,598.25,281.284294811308
2394,598.5,264.194924099589
2395,598.75,249.011649122329
2396,599,236.651323739359
2397,599.25,227.959522202746
2398,599.5,223.666826092125
2399,599.75,224.34723724451
2400,600,230.37836662858
2401,600.25,241.904110163313
2402,600.5,258.801953140381
2403,600.75,280.658440015816
2404,601,306.75728189285
2405,601.25,336.0846678166
2406,601.5,367.355325877212
2407,601.75,399.060685554642
2408,602,429.537385875436
2409,602.25,457.050980232794
2410,602.5,479.886885632476
2411,602.75,496.439270150557
2412,603,505.289174567923
2413,603.25,505.265644157932
2414,603.5,495.487331054087
2415,603.75,475.385875235406
2416,604,444.715331751386
2417,604.25,403.55325455319
2418,604.5,352.298554532527
2419,604.75,291.669220876571
2420,605,222.700114044578
2421,605.25,146.738160515244
2422,605.5,65.4302034034402
2423,605.75,-19.3019597425066
2424,606,-105.304007532625
2425,606.25,-190.251508862522
2426,606.5,-271.731891144615
2427,606.75,-347.342470199004
2428,607,-414.798530178813
2429,607.25,-472.043932742998
2430,607.5,-517.356394995479
2431,607.75,-549.440249492846
2432,608,-567.500816015962
2433,608.25,-571.296052735274
2434,608.5,-561.162591279299
2435,608.75,-538.014443015659
2436,609,-503.31360094978
2437,609.25,-459.012580006029
2438,609.5,-407.469844427065
2439,609.75,-351.340309752166
2440,610,-293.444885622263
2441,610.25,-236.625386267337
2442,610.5,-183.593819882739
2443,610.75,-136.787471251598
2444,611,-98.2424829659466
2445,611.25,-69.498048310556
2446,611.5,-51.5404849636383
2447,611.75,-44.7916340339771
2448,612,-49.1401353369343
2449,612.25,-64.0084683069297
2450,612.5,-88.4445047010154
2451,612.75,-121.224567083173
2452,613,-160.955830511536
2453,613.25,-206.168840301258
2454,613.5,-255.394914186229
2455,613.75,-307.227038008901
2456,614,-360.365557556687
2457,614.25,-413.651063219853
2458,614.5,-466.086548943283
2459,614.75,-516.849873371795
2460,615,-565.296564519238
2461,615.25,-610.952671412491
2462,615.5,-653.497834800205
2463,615.75,-692.739784177712
2464,616,-728.582624518359
2465,616.25,-760.99213219656
2466,616.5,-789.961596684696
2467,616.75,-815.481506381509
2468,617,-837.515731514164
2469,617.25,-855.986013221403
2470,617.5,-870.765702326364
2471,617.75,-881.682900904491
2472,618,-888.532461640493
2473,618.25,-891.095662097091
2474,618.5,-889.165757192479
2475,618.75,-882.577028716014
2476,619,-871.234470286067
2477,619.25,-855.141003672414
2478,619.5,-834.419258129331
2479,619.75,-809.325531651109
2480,620,-780.254543000457
2481,620.25,-747.734797291204
2482,620.5,-712.415561615847
2483,620.75,-675.047309069017
2484,621,-636.457846139696
2485,621.25,-597.526142233304
2486,621.5,-559.155254820818
2487,621.75,-522.244950272669
2488,622,-487.663964823673
2489,622.25,-456.221567581495
2490,622.5,-428.63825796653
2491,622.75,-405.515968835201
2492,623,-387.308871203445
2493,623.25,-374.296600336613
2494,623.5,-366.562310875098
2495,623.75,-363.978322819417
2496,624,-366.202130148661
2497,624.25,-372.685073387115
2498,624.5,-382.694931676853
2499,624.75,-395.352128127603
2500,625,-409.67744457036
2501,625.25,-424.64755430563
2502,625.5,-439.253744782237
2503,625.75,-452.559156972002
2504,626,-463.75065107724
2505,626.25,-472.182695055645
2506,626.5,-477.412032008301
2507,626.75,-479.222946968546
2508,627,-477.643527356727
2509,627.25,-472.9533906157
2510,627.5,-465.683075692593
2511,627.75,-456.604861128643
2512,628,-446.714366591368
2513,628.25,-437.202047138084
2514,628.5,-429.413675772322
2515,628.75,-424.799170971525
2516,629,-424.849679188927
2517,629.25,-431.02364819709
2518,629.5,-444.663647602965
2519,629.75,-466.906772725477
2520,630,-498.592451021703
2521,630.25,-540.17223083829
2522,630.5,-591.626605769758
2523,630.75,-652.394097645286
2524,631,-721.317680812666
2525,631.25,-796.613166251933
2526,631.5,-875.863383955052
2527,631.75,-956.040985760279
2528,632,-1033.56160286722
2529,632.25,-1104.36811862212
2530,632.5,-1164.04605084383
2531,632.75,-1207.96938581557
2532,633,-1231.47538865197
2533,633.25,-1230.06558096236
2534,633.5,-1199.62798919854
2535,633.75,-1136.67296687149
2536,634,-1038.57175137273
2537,634.25,-903.784028662267
2538,634.5,-732.058759761003
2539,634.75,-524.591790422349
2540,635,-284.124440663476
2541,635.25,-14.9692269507868
2542,635.5,277.048103926523
2543,635.75,584.737063764685
2544,636,899.783235586164
2545,636.25,1213.07691529072
2546,636.5,1515.11742574323
2547,636.75,1796.4722564511
2548,637,2048.26150276869
2549,637.25,2262.63114558307
2550,637.5,2433.17556019486
2551,637.75,2555.27188473323
2552,638,2626.29695278998
2553,638.25,2645.71027560801
2554,638.5,2615.00158396685
2555,638.75,2537.51570150948
2556,639,2418.17845825913
2557,639.25,2263.15358860016
2558,639.5,2079.46209104586
2559,639.75,1874.59338116491
2560,640,1656.13316168862
2561,640.25,1431.42751422381
2562,640.5,1207.29710236067
2563,640.75,989.810000297403
2564,641,784.116772648376
2565,641.25,594.347240902029
2566,641.5,423.565060907999
2567,641.75,273.773872242991
2568,642,145.967270313639
2569,642.25,40.2139950622709
2570,642.5,-44.2306516158652
2571,642.75,-108.796107319367
2572,643,-155.458987914269
2573,643.25,-186.603984363697
2574,643.5,-204.888911180347
2575,643.75,-213.117672656994
2576,644,-214.123072680093
2577,644.25,-210.660065315581
2578,644.5,-205.309528428704
2579,644.75,-200.392984922737
2580,645,-197.899630853911
2581,645.25,-199.428055068332
2582,645.5,-206.145591862763
2583,645.75,-218.767935964594
2584,646,-237.560385103523
2585,646.25,-262.360128233348
2586,646.5,-292.616886448278
2587,646.75,-327.447521362317
2588,647,-365.699398070612
2589,647.25,-406.017495733816
2590,647.5,-446.911355528016
2591,647.75,-486.819563843044
2592,648,-524.171115128276
2593,648.25,-557.444258008838
2594,648.5,-585.224008854513
2595,648.75,-606.259290492157
2596,649,-619.51965578015
2597,649.25,-624.249982940737
2598,649.5,-620.019729122046
2599,649.75,-606.761761543601
2600,650,-584.794948002526
2601,650.25,-554.824991758642
2602,650.5,-517.919625057978
2603,650.75,-475.457076414181
2604,651,-429.050184316233
2605,651.25,-380.451884840398
2606,651.5,-331.450282933528
2607,651.75,-283.76260607806
2608,652,-238.936925872006
2609,652.25,-198.268913652781
2610,652.5,-162.738612449071
2611,652.75,-132.969830096977
2612,653,-109.212714537092
2613,653.25,-91.3485700301946
2614,653.5,-78.9150134915652
2615,653.75,-71.1490099778355
2616,654,-67.0449571116929
2617,654.25,-65.4246179784294
2618,654.5,-65.0152272054104
2619,654.75,-64.5315419633326
2620,655,-62.7571250421559
2621,655.25,-58.6199331881643
2622,655.5,-51.2575055852618
2623,655.75,-40.0677558228433
2624,656,-24.7424795331311
2625,656.25,-5.28201256096837
2626,656.5,18.0092012134224
2627,656.75,44.5452122562463
2628,657,73.4974968530289
2629,657.25,103.847686969744
2630,657.5,134.451049906469
2631,657.75,164.107256380427
2632,658,191.634628383754
2633,658.25,215.943778030811
2634,658.5,236.106376102343
2635,658.75,251.414792070952
2636,659,261.428607674353
2637,659.25,266.004601615817
2638,659.5,265.307782452844
2639,659.75,259.802396079167
2640,660,250.22344869992
2641,660.25,237.530969667731
2642,660.5,222.850740746296
2643,660.75,207.406299979777
2644,661,192.447527024714
2645,661.25,179.180989735594
2646,661.5,168.706563455169
2647,661.75,161.963809494977
2648,662,159.690447157738
2649,662.25,162.394179431823
2650,662.5,170.338257976745
2651,662.75,183.540513880341
2652,663,201.785071010849
2653,663.25,224.645509510832
2654,663.5,251.517804805833
2655,663.75,281.660942005812
2656,664,314.242752770049
2657,664.25,348.388300571216
2658,664.5,383.22807363049
2659,664.75,417.943308255489
2660,665,451.805907840198
2661,665.25,484.210604420849
2662,665.5,514.697236760689
2663,665.75,542.96135817454
2664,666,568.851945365953
2665,666.25,592.355847089099
2666,666.5,613.569792354179
2667,666.75,632.662143525593
2668,667,649.827882686272
2669,667.25,665.241268003896
2670,667.5,679.010951474514
2671,667.75,691.142001709741
2672,668,701.508281648468
2673,668.25,709.837203132421
2674,668.5,715.707337169329
2675,668.75,718.55804252861
2676,669,717.709446913758
2677,669.25,712.390862967376
2678,669.5,701.775926693507
2679,669.75,685.023126856763
2680,670,661.320621258796
2681,670.25,629.934071616459
2682,670.5,590.255631002156
2683,670.75,541.851366806167
2684,671,484.503639831966
2685,671.25,418.244666498228
2686,671.5,343.37794474053
2687,671.75,260.485492982233
2688,672,170.420745657596
2689,672.25,74.2890476811802
2690,672.5,-26.580559960373
2691,672.75,-130.667707950361
2692,673,-236.293038432972
2693,673.25,-341.647971524308
2694,673.5,-444.82188729991
2695,673.75,-543.829449943182
2696,674,-636.642891269065
2697,674.25,-721.234751178756
2698,674.5,-795.635413077233
2699,674.75,-858.006847465181
2700,675,-906.72990441552
2701,675.25,-940.498305950944
2702,675.5,-958.409335357249
2703,675.75,-960.040007780984
2704,676,-945.498585719146
2705,676.25,-915.444359810292
2706,676.5,-871.072808254069
2707,676.75,-814.067529112052
2708,677,-746.523810478699
2709,677.25,-670.850860332297
2710,677.5,-589.660506360396
2711,677.75,-505.649877587095
2712,678,-421.484621810152
